{
  "General": {
    "DisplayLoliScriptOnLoad": false,
    "RecommendedBots": true,
    "StartingWidth": 800,
    "StartingHeight": 620,
    "ChangeRunnerInterface": true,
    "DisableQuitWarning": false,
    "DisableNotSavedWarning": false,
    "DefaultAuthor": "",
    "LiveConfigUpdates": false,
    "DisableHTMLView": false,
    "AlwaysOnTop": false,
    "AutoCreateRunner": false,
    "PersistDebuggerLog": false,
    "DisableSyntaxHelper": false,
    "DisplayCapturesLast": false,
    "DisableCopyPasteBlocks": false,
    "EnableLogging": false,
    "LogToFile": false,
    "LogBufferSize": 10000,
    "BackupDB": true,
    "IgnoreWordlistOnHitDedupe": false
  },
  "Sounds": {
    "EnableSounds": true,
    "OnHitSound": "rifle_hit.wav",
    "OnReloadSound": "rifle_reload.wav"
  },
  "Sources": {
    "Sources": []
  },
  "Themes": {
    "BackgroundMain": "#708090",
    "BackgroundSecondary": "#00008B",
    "ForegroundMain": "#FAFAD2",
    "ForegroundGood": "#9400D3",
    "ForegroundBad": "#FF6347",
    "ForegroundCustom": "#FF8C00",
    "ForegroundRetry": "#FFFF00",
    "ForegroundToCheck": "#7FFFD4",
    "ForegroundMenuSelected": "#F500DC",
    "UseImage": false,
    "BackgroundImage": "",
    "BackgroundImageOpacity": 100,
    "BackgroundLogo": "",
    "EnableSnow": false,
    "SnowAmount": 100,
    "AllowTransparency": false
  }
}